{
  "status":"ok",
  "totalResults":38,
   "articles":[{"source":{"id":null,"name":"CNBC"},
     "author":"Saheli Roy Choudhury",
     "title":"Samsung to launch its newest Galaxy smartphones on Jan. 14, earlier than usual - CNBC",
     "description":"Samsung's launch is set to happen in the same week as the digital-only CES 2021.",
     "url":"https://www.cnbc.com/2021/01/04/samsung-galaxy-unpacked-2021.html",
     "urlToImage":"https://image.cnbcfm.com/api/v1/image/106476097-1586158396471gettyimages-1209192651.jpeg?v=1596067547",
     "publishedAt":"2021-01-04T03:25:00Z",
     "content":"SINGAPORE Samsung said Monday its next smartphone announcement will be held on Jan. 14, where it is expected to launch the newest versions of its Galaxy flagship phones.\r\nInvitations sent out by the … [+1687 chars]"
   },
     {"source":{"id":null,"name":"fox8.com"},
       "author":"Brittany Rall",
       "title":"Browns to face off against Steelers in first playoff game next Sunday night - WJW FOX 8 News Cleveland","description":"The Cleveland Browns may be enjoying their victory against the Pittsburgh Steelers right now, but the battle will continue next week.","url":"https://fox8.com/news/browns-to-face-off-against-steelers-in-first-playoff-game-next-sunday-night/","urlToImage":"https://fox8.com/wp-content/uploads/sites/12/2021/01/GettyImages-1294317060.jpg?w=1280","publishedAt":"2021-01-04T03:22:00Z","content":"*Watch Baker Mayfield’s interview after Sunday’s win in the video above.*\r\nCLEVELAND (WJW) — The Cleveland Browns are celebrating an exciting victory over the Pittsburgh Steelers but the hard work is… [+697 chars]"},{"source":{"id":null,"name":"ESPN"},"author":"Tim McManus","title":"Philadelphia Eagles' Jalen Hurts scores two rushing TDs in first half vs. Washington - ESPN","description":"The rookie becomes the first Philadelphia quarterback with two rushing scores since Mike Vick did it in 2010 against Washington.","url":"https://www.espn.com/nfl/story/_/id/30646925/philadelphia-eagles-jalen-hurts-scores-two-rushing-tds-first-half-vs-washington","urlToImage":"https://a.espncdn.com/combiner/i?img=%2Fphoto%2F2021%2F0104%2Fr797645_1296x729_16%2D9.jpg","publishedAt":"2021-01-04T02:45:52Z","content":"PHILADELPHIA -- Even with a skeleton crew around him, Philadelphia Eagles rookie quarterback Jalen Hurts is still finding a way to be a playmaker.\r\nHurts rushed for a pair of touchdowns on back-to-ba… [+1369 chars]"},{"source":{"id":"the-verge","name":"The Verge"},"author":"Sam Byford","title":"Quibi reportedly in talks to sell its shows to Roku - The Verge","description":"Roku is in talks with Quibi to acquire the failed streaming service’s library of content, according to The Wall Street Journal. A price for the deal wasn’t mentioned.","url":"https://www.theverge.com/2021/1/3/22212447/quibi-roku-content-deal-acquisition-report-wsj","urlToImage":"https://cdn.vox-cdn.com/thumbor/hDpttVmqBOPcAV_XZyxdauP9VCc=/0x215:3000x1786/fit-in/1200x630/cdn.vox-cdn.com/uploads/chorus_asset/file/19870216/gblackmon_200403_3960_quibi_0005.0.jpg","publishedAt":"2021-01-04T02:38:11Z","content":"Could Quibis content find a new home?\r\nIllustration by Grayson Blackmon / The Verge\r\nFailed mobile-first streaming service Quibi is in advanced discussions to sell the rights to its content library t… [+1117 chars]"},{"source":{"id":"nfl-news","name":"NFL News"},"author":null,"title":"What's ahead for Los Angeles Rams, Chicago Bears after earning final NFC wild-card spots - NFL.com","description":"The Los Angeles Rams and Chicago Bears locked up the NFC's final two wild-card spots on Sunday. Judy Battista explores what lies ahead for each team in the postseason.","url":"https://www.nfl.com/news/what-s-ahead-for-los-angeles-rams-chicago-bears-after-earning-final-nfc-wild-car","urlToImage":"https://static.www.nfl.com/image/private/t_editorial_landscape_12_desktop/league/puv2pzncddl7cnzqfktd","publishedAt":"2021-01-04T02:35:00Z","content":"After as streaky a season as you'll ever see -- the Bears went 5-1 to start the season, then lost six straight, then won three in a row -- a wild-card spot means that the franchise blowup that felt i… [+2644 chars]"},{"source":{"id":"cnn","name":"CNN"},"author":"Paul LeBlanc, CNN","title":"All 10 living former defense secretaries declare election is over in forceful public letter - CNN","description":"All 10 living former US defense secretaries declared that the US presidential election is over in a forceful public letter published in The Washington Post on Sunday as President Donald Trump continues to deny his election loss to Joe Biden.","url":"https://www.cnn.com/2021/01/03/politics/trump-election-defense-secretaries-public-letter/index.html","urlToImage":"https://cdn.cnn.com/cnnnext/dam/assets/201231163449-trump-final-days-early-white-house-return-election-results-collins-dnt-lead-vpx-00003317-super-tease.jpg","publishedAt":"2021-01-04T02:29:00Z","content":"(CNN)All 10 living former US defense secretaries declared that the US presidential election is over in a forceful public letter published in The Washington Post on Sunday as President Donald Trump co… [+4378 chars]"},{"source":{"id":null,"name":"CBS Sports"},"author":"","title":"2021 NFL playoff schedule: Dates, times, bracket and TV for every round of the AFC and NFC postseason - CBS Sports","description":"Here's the schedule for the entire NFL postseason","url":"https://www.cbssports.com/nfl/news/2021-nfl-playoff-schedule-dates-times-bracket-and-tv-for-every-round-of-the-afc-and-nfc-postseason/","urlToImage":"https://sportshub.cbsistatic.com/i/r/2020/12/22/13e8c62f-0171-41b4-a0db-517a149f7538/thumbnail/1200x675/78ab7ccdc48b788b466c1ed43e408124/browns-steelers.jpg","publishedAt":"2021-01-04T02:21:00Z","content":"The NFL playoffs are finally upon us and this year, they're going to have a decidedly different look. Not only will there be 14 teams in the postseason for the first time in league history, but there… [+2886 chars]"},{"source":{"id":null,"name":"Gizmodo.com"},"author":"Alyse Stanley","title":"WhatsApp Sets an All-Time Record as Users Welcome in the New Year Virtually - Gizmodo","description":"Facebook’s cross-platform chat app WhatsApp saw a record number of users on New Year’s Eve as some people smartly opted to celebrate the end of 2020 virtually this year. Because even if that cursed year from Hades is finally behind us, the covid-19 pandemic i…","url":"https://gizmodo.com/whatsapp-sets-an-all-time-record-as-users-welcome-in-th-1845981808","urlToImage":"https://i.kinja-img.com/gawker-media/image/upload/c_fill,f_auto,fl_progressive,g_center,h_675,pg_1,q_80,w_1200/zhlnrn1sqdatxnmitf7e.jpg","publishedAt":"2021-01-04T02:12:00Z","content":"Facebooks cross-platform chat app WhatsApp saw a record number of users on New Years Eve as some people smartly opted to celebrate the end of 2020 virtually this year. Because even if that cursed yea… [+1663 chars]"},{"source":{"id":"the-hill","name":"The Hill"},"author":"Justine Coleman","title":"Biden inauguration will include 'presidential escort' to White House, virtual parade | TheHill - The Hill","description":"President-elect Joe Biden’s pared-down inauguration is slated to ...","url":"https://thehill.com/homenews/administration/532465-biden-inauguration-will-include-presidential-escort-to-white-house","urlToImage":"https://thehill.com/sites/default/files/bidenjoe_121920getty_covid.jpg","publishedAt":"2021-01-04T01:50:44Z","content":"President-elect Joe BidenJoe BidenAppeals court dismisses Gohmert's election suit against PenceRomney: Plan to challenge election 'egregious ploy' that 'dangerously threatens' country Pence 'welcomes… [+2505 chars]"},{"source":{"id":null,"name":"TMZ"},"author":"TMZ Staff","title":"Bond Girl & 'That '70s Show' Star Tanya Roberts Dead at 65 - TMZ","description":"B-film queen Tanya Roberts has passed away.","url":"https://www.tmz.com/2021/01/03/tanya-roberts-dead-dies-sheena-that-70s-show-bond-girl/","urlToImage":"https://imagez.tmz.com/image/08/16by9/2021/01/04/088f88be36b54144bec39a0c64a1931e_xl.jpg","publishedAt":"2021-01-04T01:49:00Z","content":"Tanya Roberts -- a one-time Bond girl and cult classic '80s star -- has died ... TMZ has learned.\r\nTanya's rep tells TMZ, she was on a walk with her dogs on Christmas Eve and when she returned home s… [+1851 chars]"},{"source":{"id":"cnn","name":"CNN"},"author":"Jasmine Wright, CNN","title":"Harris lambasts Trump call with Georgia officials as 'bold abuse of power' - CNN","description":"Vice President-elect Kamala Harris slammed President Donald Trump and his call pushing Georgia Secretary of State Brad Raffensperger to \"find\" votes to overturn the election results, a \"bald-faced, bold abuse of power,\" in Savannah, Georgia, on Sunday.","url":"https://www.cnn.com/2021/01/03/politics/kamala-harris-trump-georgia/index.html","urlToImage":"https://cdn.cnn.com/cnnnext/dam/assets/210103182736-kamala-harris-trump-georgia-super-tease.jpg","publishedAt":"2021-01-04T01:29:00Z","content":"(CNN)Vice President-elect Kamala Harris slammed President Donald Trump and his call pushing Georgia Secretary of State Brad Raffensperger to \"find\" votes to overturn the election results, a \"bald-fac… [+3653 chars]"},{"source":{"id":"the-washington-post","name":"The Washington Post"},"author":"Cleve Wootson","title":"Sens. Loeffler and Perdue try to steer around Republican infighting as Georgia runoff races draw to a close - The Washington Post","description":"The GOP Senate candidates didn’t vote on whether to override President Trump’s veto of a defense bill, and both sought to avoid a firm answer on their support for an effort to oppose certifying President-elect Biden’s electoral college win.","url":"https://www.washingtonpost.com/politics/loeffler-perdue-georgia-senate-runoffs-gop/2021/01/03/5323071e-4dde-11eb-bda4-615aaefd0555_story.html","urlToImage":"https://www.washingtonpost.com/wp-apps/imrs.php?src=https://arc-anglerfish-washpost-prod-washpost.s3.amazonaws.com/public/RH7KK5SNNQI6XF5WJ247OL7UNM.jpg&w=1440","publishedAt":"2021-01-04T01:17:00Z","content":"Both Loeffler and Perdue aligned themselves with Trump's call for $2,000 stimulus checks to be sent to Americans, even as the idea was blocked by Senate Majority Leader Mitch McConnell (R-Ky.), who l… [+7316 chars]"},{"source":{"id":"reuters","name":"Reuters"},"author":null,"title":"Asia shares reach record, Nikkei restrained by lockdown risk - Reuters","description":null,"url":"https://www.reuters.com/article/us-global-markets-idUSKBN29901F","urlToImage":null,"publishedAt":"2021-01-04T00:35:00Z","content":"FILE PHOTO: Pedestrians wearing facial masks are reflected on an electric board showing stock prices outside a brokerage at a business district in Tokyo, Japan January 30, 2020. REUTERS/Kim Kyung-Hoo… [+4023 chars]"},{"source":{"id":null,"name":"Billboard"},"author":"Ashley Iasimone","title":"Playboi Carti Reacts to His First No. 1 Album on the Billboard 200: '!!!!!' - Billboard","description":"Playboi Carti's 'Whole Lotta Red' album tops the Billboard 200 this week, and he seems to be celebrating the good news.","url":"https://www.billboard.com/articles/columns/hip-hop/9506351/playboi-carti-whole-lotta-red-billboard-200-reaction","urlToImage":"https://static.billboard.com/files/2020/04/playboi-carti-live-2019-b-b-billboard-1548-1586966250-1024x677.jpg","publishedAt":"2021-01-04T00:24:48Z","content":"Whole Lotta Red, Playboi Carti's second studio album, started with 100,000 equivalent album units earned in the U.S. in the week ending Dec. 31, 2020, according to Nielsen Music/MRC Data. It follows … [+103 chars]"},{"source":{"id":null,"name":"DailyFX"},"author":"Daniel Moss","title":"Bitcoin, Ethereum Outlook: Cryptos Go Parabolic, is a Correction Due? - DailyFX","description":"Bitcoin and Ethereum have stormed higher since the March 2020 nadir, on the back of extraordinary fiscal and monetary support. However, a near-term pullback could be in the offing.","url":"https://www.dailyfx.com/forex/market_alert/2021/01/04/Bitcoin-Ethereum-Outlook-Cryptos-Go-Parabolic-is-a-Correction-Due.html","urlToImage":"https://a.c-dn.net/b/3k4Cfm/headline_iStock-696301332.jpg","publishedAt":"2021-01-04T00:09:21Z","content":"Bitcoin, Ethereum, Cryptocurrency, BTC/USD, ETH/USD Talking Points:\r\n<ul><li>The long-term outlook for both Bitcoin and Ethereum remains skewed to the topside.</li><li>However, both cryptocurrencies … [+4077 chars]"},{"source":{"id":null,"name":"Daily Mail"},"author":"Cassie Carpenter","title":"RHOBH star Dorit Kemsley defends Hillary 'Hilaria' Baldwin after Spanish scandal - Daily Mail","description":"The Connecticut-born 44-year-old could relate since she's been blasted for years for affecting an English accent","url":"https://www.dailymail.co.uk/tvshowbiz/article-9109329/RHOBH-star-Dorit-Kemsley-defends-Hillary-Hilaria-Baldwin-Spanish-scandal.html","urlToImage":"https://i.dailymail.co.uk/1s/2021/01/03/23/37558976-0-image-a-135_1609718138809.jpg","publishedAt":"2021-01-03T23:56:00Z","content":"How she met Alec: \r\nHilaria claimed that she told husband Alec from the off that she was from Boston despite his now infamous 2013 Letterman interview in which he claimed she is Spanish. \r\n'My wife i… [+2541 chars]"},{"source":{"id":"fox-news","name":"Fox News"},"author":"Lucas Manfredi","title":"Rodney Davis slams Democrats over 'shameful' plexiglass structure to 'protect' Pelosi votes - Fox News","description":"House Administration Committee ranking member Rodney Davis, R-Ill., slammed Democrats on Sunday for their decision to build a plexiglass structure in the chamber to allow members who were exposed to COVID-19 to vote for speaker of the House.","url":"https://www.foxnews.com/politics/rodney-davis-slams-democrats-over-shameful-plexiglass-structure-to-protect-pelosi-votes","urlToImage":"https://static.foxnews.com/foxnews.com/content/uploads/2021/01/AP21003823780112.jpg","publishedAt":"2021-01-03T23:49:05Z","content":"House Administration Committee ranking member Rodney Davis, R-Ill., slammed Democrats on Sunday for their decision to build a plexiglass structure in the chamber to allow members who were exposed to … [+1618 chars]"},{"source":{"id":null,"name":"SFist"},"author":"Matt Charnock","title":"Kaiser Emergency Room in San Jose Center of COVID-19 Outbreak After 43 Staff Members Test Positive - SFist","description":"At least 43 staff members at the Kaiser Permanente San Jose Emergency Department have tested positive for COVID-19 within the past week. The unlikely culprit for the explosive outbreak? An inflatable Christmas costume.","url":"https://sfist.com/2021/01/03/kaiser-emergency-room-in-san-jose-center-of-covid-19-outbreak-after-43-staff-members-test-positive/","urlToImage":"https://img.sfist.com/2021/01/GettyImages-1208953647.jpg","publishedAt":"2021-01-03T21:18:32Z","content":"At least 43 staff members at the Kaiser Permanente San Jose Emergency Department have tested positive for COVID-19 within the past week. The unlikely culprit for the explosive outbreak? An inflatable… [+3038 chars]"},{"source":{"id":null,"name":"BGR"},"author":"Chris Smith","title":"‘Ozark’ fans need to watch this Netflix original series ASAP - BGR","description":"Inhuman Resources is a Netflix original released in May 2020, and it’s a family drama similar to Netflix’s hugely popular Ozark. A middle-aged man who was fired from his HR position a few years ago struggles to get by, accepting any job that would help him ma…","url":"https://bgr.com/2021/01/03/netflix-originals-2020-inhuman-resources-review/","urlToImage":"https://bgr.com/wp-content/uploads/2021/01/netflix-inhuman-resources-eric-cantona.jpg?quality=70&strip=all","publishedAt":"2021-01-03T20:24:00Z","content":"<ul><li>Inhuman Resources is a Netflix original released in May 2020, and it’s a family drama similar to Netflix’s hugely popular Ozark.</li><li>A middle-aged man who was fired from his HR position a… [+5785 chars]"},{"source":{"id":"engadget","name":"Engadget"},"author":"","title":"Watch Tesla's Full Self-Driving navigate from SF to LA with (almost) no help - Engadget","description":"A Tesla Model 3 with Full Self-Driving traveled from San Francisco to Los Angeles with virtually no intervention, although it's not truly autonomous yet.","url":"https://www.engadget.com/tesla-self-driving-sf-to-la-trip-191412851.html","urlToImage":"https://o.aolcdn.com/images/dims?resize=1200%2C630&crop=1200%2C630%2C0%2C0&quality=95&image_uri=https%3A%2F%2Fs.yimg.com%2Fos%2Fcreatr-uploaded-images%2F2021-01%2F30794e20-4df3-11eb-97b6-ecf57a2a6461&client=amp-blogside-v2&signature=1bc35f6811f3379e0ed8e10e95802aa7404a4744","publishedAt":"2021-01-03T19:56:32Z","content":"It’s a notable feat for technology that’s still rough around the edges and, despite its name, doesn’t let you take your hands off the wheel. At the same time, it’s also indicative of how far the tech… [+717 chars]"}]}